<manifest xmlns="http://www.imsglobal.org/xsd/imscp_v1p1" version="1.1" identifier="manifest1" xml:base="data/" xmlns:adlcp="http://www.adlnet.org/xsd/adlcp_v1p3">
      <metadata>
      <schema>
        ADL SCORM
      </schema>
      <schemaversion>
        2004 4th Edition
      </schemaversion>
    </metadata><organizations default="orgId1">
      <organization identifier="orgId1" structure="hierarchical">
      <title>Demo hook quiz</title>
      <item identifierref="resource1" identifier="question1">
        <title>Essay</title>
        <adlnav:presentation>
      <adlnav:navigationInterface>
        <adlnav:hideLMSUI>continue</adlnav:hideLMSUI><adlnav:hideLMSUI>previous</adlnav:hideLMSUI>
      </adlnav:navigationInterface>
    </adlnav:presentation>
        <imsss:sequencing>
          <imsss:deliveryControls tracked="true"></imsss:deliveryControls>
          <imsss:controlMode flow="true"></imsss:controlMode>
        </imsss:sequencing>
      </item><item identifierref="resource2" identifier="question2">
        <title>Choose the author</title>
        <adlnav:presentation>
      <adlnav:navigationInterface>
        <adlnav:hideLMSUI>continue</adlnav:hideLMSUI><adlnav:hideLMSUI>previous</adlnav:hideLMSUI>
      </adlnav:navigationInterface>
    </adlnav:presentation>
        <imsss:sequencing>
          <imsss:deliveryControls tracked="true"></imsss:deliveryControls>
          <imsss:controlMode flow="true"></imsss:controlMode>
        </imsss:sequencing>
      </item><item identifierref="resource3" identifier="question3">
        <title>Kind of sport</title>
        <adlnav:presentation>
      <adlnav:navigationInterface>
        <adlnav:hideLMSUI>continue</adlnav:hideLMSUI><adlnav:hideLMSUI>previous</adlnav:hideLMSUI>
      </adlnav:navigationInterface>
    </adlnav:presentation>
        <imsss:sequencing>
          <imsss:deliveryControls tracked="true"></imsss:deliveryControls>
          <imsss:controlMode flow="true"></imsss:controlMode>
        </imsss:sequencing>
      </item><item identifierref="resource4" identifier="question4">
        <title>Apple</title>
        <adlnav:presentation>
      <adlnav:navigationInterface>
        <adlnav:hideLMSUI>continue</adlnav:hideLMSUI><adlnav:hideLMSUI>previous</adlnav:hideLMSUI>
      </adlnav:navigationInterface>
    </adlnav:presentation>
        <imsss:sequencing>
          <imsss:deliveryControls tracked="true"></imsss:deliveryControls>
          <imsss:controlMode flow="true"></imsss:controlMode>
        </imsss:sequencing>
      </item><item identifierref="resource5" identifier="question5">
        <title>Order weapons by power</title>
        <adlnav:presentation>
      <adlnav:navigationInterface>
        <adlnav:hideLMSUI>continue</adlnav:hideLMSUI><adlnav:hideLMSUI>previous</adlnav:hideLMSUI>
      </adlnav:navigationInterface>
    </adlnav:presentation>
        <imsss:sequencing>
          <imsss:deliveryControls tracked="true"></imsss:deliveryControls>
          <imsss:controlMode flow="true"></imsss:controlMode>
        </imsss:sequencing>
      </item>
      <imsss:sequencing>
        <imsss:controlMode flow="true"></imsss:controlMode>
      </imsss:sequencing>
    </organization>
    </organizations><resources>
      <resource href="resource1.html" type="webcontent" identifier="resource1" adlcp:scormType="asset">
      <dependency identifierref="scormDependency"></dependency>
    </resource><resource href="resource2.html" type="webcontent" identifier="resource2" adlcp:scormType="asset">
      <dependency identifierref="scormDependency"></dependency>
    </resource><resource href="resource3.html" type="webcontent" identifier="resource3" adlcp:scormType="asset">
      <dependency identifierref="scormDependency"></dependency>
    </resource><resource href="resource4.html" type="webcontent" identifier="resource4" adlcp:scormType="asset">
      <dependency identifierref="scormDependency"></dependency>
    </resource><resource href="resource5.html" type="webcontent" identifier="resource5" adlcp:scormType="asset">
      <dependency identifierref="scormDependency"></dependency>
    </resource><resource identifier="scormDependency" type="webcontent" adlcp:scormType="asset">
      <file href="common.js"></file><file href="jquery-1.7.2.min.js"></file><file href="jquery-ui-1.8.20.custom.min.js"></file><file href="jquery-ui-1.8.20.custom.css"></file><file href="player_content.css"></file><file href="scorm_main.css"></file>
    </resource>
    </resources>
    </manifest>