﻿<?xml version="1.0" encoding="utf-8"?><bwFonts xmlns:xsi="http://www.w3.org/2001/XMLSchema-instance" xmlns:xsd="http://www.w3.org/2001/XMLSchema"><font id="00" name="ArticulateBold Charset1"><glyphs><g i="0" p="%^cQ$vIL$vyI1ivI1ioF$vTA$vfwxeWzxeaDusdDuscGxeYKxe1Ous4OusmRxeLUxe" /><g i="1" p="#^TGhpTGzoHGSnvG9n5GDmIF5m4FLltEplDDplQCplcCKlBB3mbBCmOA8nBAQnoAwooAepoAgraBusZBHtDDHttEHt5FmtJF0t6GrsvGRrHG2rTGeqTGhp^nKCpnKbrRJrskJHtpIyuvHovgGRv2FiwEDiw8CiwUAQvEzlvLytuTxBtnxnsUw8rUwEpUw1opxNmWxwlQyEkLzMjZAijcCPiDDPi0FPifGhjvHKjpIBkkJslRJKmnK0onKCp" /><g i="2" p="#^nG$v%nGeu%kGeuDF5vzEIvwDiw4CiwYAiw7AWvizyvMyTufybu_xftJxjsJxbr%Jx6j%4B6j%4BZp4BHq7BnraB2soBzsDB3t3CntvCHtfDHt2EHtCEltaF_swFosTFOr1G$qcGbqcGjp%cG6j%yJ6j%yJ$v" /><g i="3" p="%^Ox$vOxed8Bed8B$v" /><g i="4" p="#^cGtpcGVo2GdoVFwnyFUmcFgmCERl0Epl8DplkCplOBQlgBemYASmEAtnwAbooAVooAxpoAhqxA1rHAMr1BmsnBXsVBjtsCHtdDHtZDHtwEmt4F0tsFrsQFSr0G6rcGlqcGtp^iG$v%iGyu%fGyuwFtvvEUvvDiwgCiwTAiwRzMvPyev9yjuwxntcx9sUwWqUwupUw9oaxYmtxKl6yQkMyVjOzmjQAPiiCPiJDPiCEkjwFQjaGFk%cGFk%cGed%yJed%yJ$v" /><g i="5" p="" /><g i="6" p="#^sERw5EOxIDEykDvzMC8AcCOAnBaBzAyBnzyBOyyBayrByxlB3xcB%ixJyUxXy2zXyEzXy2AJytAwyJAayZARx4BqxcB0xcBEw%gw6j%Zz6j%4Dws%7Dws%dG6j%DJ6j" /><g i="7" p="%^Ox$vOx6j8B6j8B$v^OxLgOxzd8Bzd8BLg" /><g i="8" p="%^vF$vcBKp8BKp8B$vOx$vOxed8Bed8BgocBgocF6j9J6jlESoLJ$v" /><g i="9" p="#^OFhoIFVm1F5mnEgl5DglGBglXA6mdAXm5Aho%OFho^5ABqaAtrvA4sQAHskB4tQBttsCFt4DRtLDRtYERt0Gtt5H5t2Iys%2Igv$GTvRF4wIEiwADiwnCiwbBZv$zEv1zTu3y5utxPsUwwrUwBpUweofx0nDxNlmyRk5zVjdAmjlBPiTCPiyEPiIFljTGSjCHSklIRlGIin$IKo$IBq" /><g i="10" p="#^nF$vTE8wdEdwADiwWCiwYAiwTzcvPy5uPy3s%Pyzl%lwzl%lw6j%Py6j%Pyxg%aCsf%aC6j%8F6j%8Fzl%aCzl%aCBraCHsACbt$CHtODHt7EHtwEDtWEytgFmt%nF$v" /><g i="11" p="#^nFgmYE6mCE3mgE0mRD0mqC0mNBen8Bro8BEq%8B$v%Ox$v%Ox6j%MA6j%MA1m%QA1mUAulcBVkwBkk_BTjsCpj2D6jFDPilEPi2FPinFVi%nFgm" /><g i="12" p="#^dG3sdG6tOFVtoFHuGEevYDMvXC1wWBiwJAiwJziwIy6wHxXv0xKv%dx_s2yntPyCtBzRtwARtoBRt2CstJC3tJCgsJCErhCjrRB_qcBMqzAxqOzlq2z8qpyLpMxlpkxGoUw_nUwPmUwMljx$kLxeksyLjazgj4A2j$APiYBPiUCPiPDYiLE4jBFhj%nFPlyEwlTDolcDgloCgllBglSAHloA5moAHmoAbnQAungBMnVB_nyCbojDqo4EFoIE5plFwpNFdqdGWqdG3s" /><g i="13" p="#^eN$v%eN3oeNBnaN7n6NEmWMgmKMUllMFlYLplkLplBKpl6KLlDJ5mkJHm2JgnWI2oOIPoOIHp%OI$v%sF$v%sF5osFznoF5nkFCm7FemWESlxEEl8EplwDplLCplfCOlMBbmuBOmdBon6B8o0BUo0BCp%0B$v%Gx$v%Gx6j%OA6j%OAVk%RAVk4BxkrB9kOBNjhCujMCbjmD$iZDPiJEPiyFPi9G$iNGbjdHwjGHQjZHekhIEktI4lYI8k_Juj1LPiuMPieNPiZN$iIObjhPKjTPhkdQflAQdmAQMn%AQ$v" /><g i="14" p="%^$N$v2K$vfH9mcH9msE$vDA$vgw6jPz6jGCEsJCEskF6jdJ6j1MEs4MEsLO6jYR6j" /><g i="15" p="#^cG$v%cG1pcGro8GOn5G9nUFDmIF5mfFLlOEpl0Epl8DplACQl0CemGBSmlBuncBeo4BZo4BCp%4B$v%Jx$v%Jxed%4Bed%4BSk%7BSkEB3kGCrjJDPi8FPiiGPi7HcjZHAjvIgk2JXkiJTlyJPmyJUn%yJ$v" /><g i="16" p="#^dF_fRELfwEEfcExfODxf7DxfIC0giCugiCxh%iC6j%dF6j%dFzl%iCzl%iC$v%Xy$v%Xyzl%twzl%tw6j%Xy6j%XymhXyegfzpfzzze7A1eHAudrBddcCXc5DXcIDXclE0d$E4dvFcd" /><g i="17" p="#^nA$v%nAus%TDus%TD$v^VHIiVHsjEH6knHMkZGklAGUl4GqmBFXm8FtnyE8o5EToEDCpEDpq%EDUq%zAUqzAtp1BfowB1nICSlwD1lTDpkfENjfE8jfEui_D1iJDAhiDkhUC3hoCYgUBQgoBQglAQglz8hlyrhwxQh%fx3fbyNetzweMAeecCeepDeesExevFPegGnf1HXftHNgVHChVHIi" /><g i="18" p="%^9G5p9G$vEC$vEC5pgwxenAxevESlIIxepMxe" /><g i="19" p="#^BGTvQF7wZEcw7EiwfDiwLBiwzAQvozlvzysuLxztjxjsUw2rUwtpUw1ojxQmLxClxyJkjzQjtAkjDBPi5DPiiEPi6FYiWF4jnGej%4GUlEFHl6FylAEplQDplYCpljCKlGB3mfBDmQAbnCAXnoAHooAwpoAlqBA6rOASrdBrsEB0tiCmtYCHtTDHtsEHt9FxtTFmtsG5t%BGTv" /><g i="20" p="#^TGwpTGHoIGXnyGbnbGDmRF3mjFKlOEpl5EplnDplPCLlfC5mSBGmtBengB_n4BJo4Bwp4B9qdBVqnBErIBgs2CUsDCitcDHt4EHtUEHtqFitZFUshGgsBGErKGVqTG9qTGwp^nKupnKMsXIxuvHiwYEiwcEiwEDaw4D2wECPvcCzvQBfvtBWu7Bwu%4Bwu%4BfB%JxfB%Jx6j%WA6j%WAXk%ZAXkIBMjJCijLDPiZEPilGPimHijnINj2JGkJJzl2KOmnK0onKup" /><g i="21" p="#^cGupcGKo0G0oQFhnrFIm2F6muEMlWDplaDplqCplTBNllB8m0BJmHAhnxA1ooAMooAwpoAbqxAXqGAGr$AhskBUsSBitoCHtdDHt4EHtEEhtdFSszFesWFBr3GTqcG8qcGup^cGfB%cGwu%9GwuvFjvEEPvODiwqCiwYAiwVzMvTyevbykuwxqtcxasUwWqUwupUw1odxPmyxAldyIkUyPjWzjjYAPinCPi0FPiiGXk%lGXk%lG6j%yJ6j%yJfB" /><g i="22" p="#^cG$v%cG_ocGdo7Gzn2GUmOFqmyFXl6FGlGEplZDpl4DplwCRlYBhmEBXmkBBncBko4B3p4BEp%4B$v%Jx$v%Jx6j%UA6j%UASk%YASkdBskBB5kZBKjtCsjZC9jCD_igEPi7FPipHPitIdkyJClyJZn%yJ$v" /><g i="23" p="#^TGwpTGVoLGcoDGunkGSm1GemuFQlYEpl7EplfDplGCRl5CgmKBUmnBwndBdo4BVo4Btp4BmqgB8rtBWrRBusdC2tNCntlDHt4EHtMEHtiFmtQF0taGssxGUrIG7rTGmqTGwp^nKupnKPsVIzusHiw2FiwODiwNCTvMBrv0Bqu%ZAqu%ZA$v%Jx$v%Jxed%4Bed%4BMk%7BMkoBokKB2k5CHjyCqj0D8jCD_idEPiZEPinGPioHjjpIPj3JJkJJCl2KRmnK3onKup" /><g i="24" p="#^cGmpcGxo0GPnRF5nvFzmaF1mDEJl5EploDplUBpl8BymoAHnoArpoAbqAAUqMABr7B9svBJs0C2tyCntfDntDEntpFlscGjrcGmp^yJMuyJawcJpxTIEy4IzziHvA$F0BIEyBLCyBtByBoAjBjz5BiyGA%zyPxWy0yozcyTzoynAzyUALypBRyWBXylCXy$CXyLDMywEBy5F0yIFqxYFvwcGBvcGXt%9GXtAFWutEtvnD$v8C$vJA$vKztvLyXu6y3utxatax_rUwNqUwtpUwjocx7nwxXlay_kRy0kTzqjWAPinCPicDPiQD_isE9jVEsjnFKjIF6k2GukiGSk%lGSk%lG6j%yJ6j%yJMu" /><g i="25" p="%^Jx$vJxusdBusdB$v" /><g i="26" p="%^0y$v0yxekIxekIhhwBhhwBAlLHAlLHlowBlowBetnIetnI$v" /><g i="27" p="#^LD1qaC1q7Byq5A2r5Ads5AWsAAot4BRtcCRtMCRtiDFtRDttgE2tMEys0FSrgFargF1q^AF$vwFBvuF9vsFJuqF3u%nF3ucFruQEQutEdvXDyvpDTvMC4w8CiwsBiwyAiwJz1wUyMvgyhvExOugx4uUwmtUwtsUw3rtxcq2ylpZySoUzmo3BcofC1opD1o%gF1ogFumyETlQDglqCglyBglxAzlwzRloyFm%iyNjbzojlA6jvBPiRCPiLFPi1H6kkIolkI9okIbpkIUpkIzqkI5rlICrmI2snItsnIXspIDtqIhusIWuxI$v" /><g i="28" p="%^Jx$vJxusdBusdB$v^JxCmJx6jdB6jdBCm" /></glyphs></font><font id="10" name="Articulate Charset1"><glyphs><g i="0" p="%^BFHoBF$v5D$v5DHogwxebzxeoEmmtJxepMxe" /><g i="1" p="#^fGoofGKn3G6nTFtmtFZl4FsluE8lUDQk4DQk2CQkoBglLAHlnAhm$zSmQztnGz3oEzoo%fGoo^Ez8qEz5rZzTrjAEsUActtBMteC4u$CouTDoutEou2FguEF8uaGXtIGKt6HxtxHjtNH6t%NHrv1HOv2G2w4FiwJDiwdCiw$ATvOzrvWyBu3yKtBxrs8x8r8xpp8xXnAxKm0yxlPyIkDzSjJApjQBXiaDXiJEXiNFujRG0kvH_kaIXlsIgnLIBoLI8q" /><g i="2" p="#^TEjsTEmtuE6u5ESutDmvRCRv1C3wdBiwnAiwqziwCy9wOx0wWwBv%2xutzxPtny6ubzou$zou0BouHBXtnCttnCBsnCeseCZr5CHrOBrrvBar$AUqvACqMzgqfz0qJyJpbyppNx0pnxCo6x4oRwxnRwPmRw0l2y_jfzXisBXi5CXiRC5jBDejgErj%4EulODklsDdl7D6lMC1lqCXk6CUkOBQkABQkDAQk_zellzEllzmmlz9nXzDnyA5oGBBosCXo1DipDDEp1E3qsEuqFE2rTEBrTEjs" /><g i="3" p="%^FI$vLAEhHAEhHA$vby$vbyxeBBxeiJBslJBslJxeSLxeSL$v" /><g i="4" p="#^DHBpDHHolHQn4HZmAGjm4GElkFelAEQkEDQkICQkYBeldBElIAjmbAZmVzQnEzHoEzBpEzrqTzjr7AasCASs5BytRBZtBCouEDouGEouqFZtaGytFGSs9HasoHkrDHtqDHBp^7KCp7K0rEJesaJrtjIlusHevgGMv4FiwEDiwaCiw_AMvOzdvWyiu3yntBx9s8xXq8xzp8x9oBxYm3yKlVyRkMzYjZAsjaCXiEDXi7FXikGsjxHYjmIRkcJKlFJZm7Kbo7KCp" /><g i="5" p="#^uLdnuL9mbLZkVKMjdKMiyJMhrI6hlHrgJFrgfErgaD0h5CAhnByiGAwjjAKkZzXlZzdnZztohAIpBAXqhBWrZBUs3DvtaE5uJF5ukH5uqIttxJRscKSrTKSqaLEpuLpouLdn^7Ogn7OmpwN2rWMJsPLUtIK2v8JGvBHiwIFiwUDiwmCIvQA5vHzYtzyOsXx6rjxppjxenjxjlTxGjry0ixzPgDACfaCWeJDeeJFeeFHeedJVeNKzfSLLgYMXhxNCj7Ogl7Ogn" /><g i="6" p="%^DI$vRArnRA$vly$vlyxeRAxeRAdmiIxeDLxepDNmhM$v" /></glyphs></font><font id="20" name="Tahoma"><glyphs><g i="0" p="#^aKpqaKMrFJPs8JRtgIwufHkv4GGvVE$v2D$v%Qx$v%QxPd%FCPdBEPdzFYdyG4erHyepI4fSIWfjJMgjJWhjJcjDIdkYHdlMGOl%MGUlnIlmgJwnaKGoaKpq^OGgiOGBhAG7hmGEgTFmghF1gzEYfRDTfACTf%fATf%fAcl%$Ccl8EclGE5lcFZkNFCkkGfkzGHjOG6jOGgi^FHwqFHupmHQo3H9oaGHnBFonWEjnfEdn$Cdn%fAdn%fAWt%dCWtPDWtJENtEFEtkG9t0HHskH4sFHtrFHwq" /><g i="1" p="#^ADjwjAjwwyuuJwEsJwfpJwWlsyYjcA_h1D_hiE_hgFmifGJi_GvjJHhk6IplvIxmvIao%vIpp%2zpp2zOreA3trBjuyDjujEju1F8uMFZtlGItZGqtoH9tQHUs6IFs%eIFs%eI9vQHkveHzvEGNv9GXvuF6wXEcwpEjwADjw^gGFneGKm1G3mRFoluFWk4FpkrE8kPDTjUCTjZBTjkB9kHAqkaAXkFzuloz8m7zNm2zFn" /><g i="2" p="#^nI$v%4G$v%4Geo4Ghn_FumUFGlEFalmFGkSEqkmE9kuD9kEC9kJBDkPA4lYzPl%Yz$v%Fx$v%Fxmi%Yzmi%YzTjZAYiZBtiZC_h4E_h5G_heHjjnIDknI8n" /><g i="3" p="#^QEcf%IEcfpE4fQD_efDTeOCTelBTeKAxf7Abg7AUh%7Ami%WDmi%WDgk%bAgk%bA$v%Ux$v%Uxgk%lwgk%lwmi%Uxmi%UxVhUxrf4z9egATctCTc6DTcJDYckE0dQE5d" /><g i="4" p="%^$z$vIx$vIxmi$zmi^9A4gyx4gyxHd9AHd" /><g i="5" p="#^NBgwVzgwRycvOx7uOxPr%Oxgk%fwgk%fwmi%Oxmi%Oxre%5Are%5Ami%jEmi%jEgk%5Agk%5ALq5ANr7AlsaAVspAotDAPt4B1uyBfulCfuVCfuqD5uYDWtbEPt%jEPt%jETvGD2w$C9wlCgwNBgw" /><g i="6" p="#^lBkwZzkwNyZvBxBvPwav%PwBs%XwBsdxQsCx6t0yotGyItgzZtZzauGAnuqBnuZBnuBCfudD7uxDWtYDFt8EltkE0tkEnskEzrTD9rrDKqiCsqSBlq9BcqsA2qRzTphyqpAxuoTwxnTwbmTwlkgybjFz1iZB1i5D1ieEjioFBiaG0j%aGtl%2Gtl9FNk4Enk0DZjVBZjNAZj$zskdzWkdzUldzKmGz9n8AAnaBRnHBZnjC6oXCeoEDpo8FOoVFGpGGyqGG3sGGXskGKt_FwujF4vAEHvFD$vKCkwlBkw" /><g i="7" p="" /><g i="8" p="#^gFEs%gFRosEWocD3pYBbpbBppgAHpFzhq3zSq3zTr3z3tJzGtoAguFBguLCguDDOtvEjtgFEs^gFyu_ELuwE7v2EuvBDJv$C1wqCcwSBnwRAnw$znwez2wuyKvVx9vlxBu0xNtIwYsIw1sIwDqixDpUxDobz2olAwnVBkntD7ngF0n%gFAmgFNl0FhlNENklEwkVDekgD8kEC2kZB2kaB2k5Aik0zxkYx_k%Px_k%PxFisytiDzfiPA1iZB1inD1ilEfijFti4G2jPGCjaHvkyHolyHGm%yH$v%gF$v" /><g i="9" p="#^9I$v%SF$v%SFBujF2vWElvxEEv0ETvxD6w$CewtCnwNBnwGAnwJzVvNyrv6yyurxFt4xksJw$qJwhpJwunaxamExRksyUjcz_ifAuijB_htC_hvD_hfEdi0FriSFVi%SF$c%9I$c^SFFs%SFPk$EokjEekED3kSC3k4B3k4Apl4zKm4zep4zErRzWsDAbujCbudDbu7ENt2FntSFFs" /><g i="10" p="#^jJhjjJukUIyltIBmJHlnNGgowFLofEdpiCdp%fAdp%fA$v%Qx$v%QxPd%pCPd0EPd8F5ehGme9HYe9IEfKIJgjJNhjJhj^OGmjOGqitGKh9G1huFBgWEcg9E2goDUffCUf%fAUf%fA9n%VB9nmD9nfEWm9FGmMF3mjGwlyGTkOGdkOGmj" /><g i="11" p="%^$z$vIx$vIx$c$z$c" /><g i="12" p="#^TIbpTIDscHvuyFnwOCnwYznwjyruHwvsHwbpHwMlmyTj2A_hOC_hyF_hcHTjTILlTIbp^vGbpvGxmxFflAEYjOCYj$AYj1Afl3zxm3zbp3zLr1A4t$AouOCouzEouxF5tvGOrvGbp" /><g i="13" p="%^Qx$vQxPdcJPdcJZffAZffAXkBIXkBI5nfA5nfARtcJRtcJ$v" /><g i="14" p="%^ZD8p5x8p5xXmZDXm" /><g i="15" p="#^TEQk%LEQkvELkcEKkWDJkxDJkBCJkGB7lMAwlYzjm%Yz$v%Fx$v%Fxmi%Yzmi%YzokcBgj8CPi4DmiYDmijEmiuEniFEoiTEri" /><g i="16" p="#^SFis%SFPk$EokgEdkyD2kPC2k4B2k4Akl4zCm4z$o4zgrRzssCAEtjCEtcDEt8Eht5FWsSFis^7yaynyhyQyryhzCyRzLytAVy0B$yzB6zbC6zfD6z_DQyKEyy8F2yxFyxHFTwSFdwSFnv%SFbuWE_u1Env8DMvOBMvtzMv5y1uJwisJw2pJwlnbx1mGxJktyPjezXihAtilB_htC_hxD_hiEei4FuiSFXi%_Fmi%9Imi%9Iru9IVxEGxz7F9B0C9B0B9BYz$AVyRA0yzA%0yay" /><g i="17" p="#^XEkw9DkwFBKvaA7v4zXt$xLsox_qOwdpOwWmOwEknxYiYxfh3z_f9AMeEB7e8Dud_EudUFudHGDduHLdaIZdMI8enJqe$JHeBK1f%BKXh%oKXh4KFhzJeh3JPgmIqgFH1gRGOf1GyfYEyfODyfLC1gJBvgXAqhaAmiKzMjjzaljzWmjzOoMz8qdAur$AqsLBjtNCMtPDduYEdu$FduUGZtNHJtuIkt9JYsEJzs7K9spKTr%BKTr%BKMu$J2vtJivXIyvaINvnH2wIGbw1GkwXEkw" /><g i="18" p="%^nImieD$vaB$v3wmiyymihCTs_Fmi" /><g i="19" p="#^VCkwWAkwxzWv9yvvXwVu%XwTr%6xTriy$sPzCtkBduKCduKEduLFotNGzsNGbrNG6qeGqpIFKoxEpoHDao_C0oiCRnfBAnjAlnzzZmQyAmfyZlHxnlnxzk3xLj3xHi3xugNy_ewAudbDudIEud3GOdrH5eBIFe%BIyh%pIyhyHMgbGagQEAflDAfFBAfCAngAz9hAzriAzBjbAhkOAYkZBhlKCulRDLlYE$lHFemzHOmqIZniJ7piJPqiJTrSIWsrIYtFHGuMGtvFFVvzEkwVCkw" /><g i="20" p="#^gI$v%_F$v%_FuuWEpvZDUv0DnwRBnwYAnw9A4wnzNvNy9vcywuTxztzxBszxcr%zxmi%Rzmi%Rz7qRzcrWzWr0AEsiAatzAIt2BYtxBburCbuhDbueEJtbFet_Fxs%_Fmi%gImi" /><g i="21" p="%^nImi1B0BAy0B0Bkv3wmiyymigCss_Fmi" /><g i="22" p="#^7N$v%7N6o7Nan2NnmZMzlLM6lwMDk3MokCL9kRK9k7K9kjJBkvI1lEHRlFH3mGHlmHHDmHH0n%HH$v%oF$v%oF6ooFanjFnmfFzl0F6lMEDkjEokSD9k5D9kmC9kxBDkJA5lYzPl%Yz$v%Fx$v%Fxmi%Yzmi%YzTjRAZiKBuiDC_hHD_hUE_hQFxiMG4jfHkkhIajgJAigK_hpL_hiM_h0NgiKNxihO8jQOMj7PHkqPClqP0n%qP$v" /><g i="23" p="%^bOmiJK$vCI$vgFulZB$vRz$vmwmiLymi9BWsnEmihGmiCJWsTLmi" /><g i="24" p="#^nI$v%4G$v%4Geo4Ghn_FumUFGlEFalmFGkSEqkmE9kuD9kEC9kJBDkPA4lYzPl%Yz$v%Fx$v%Fx$c%Yz$c%YzTjZAYiZBtiZC_h4E_h5G_heHjjnIDknI8n" /><g i="25" p="%^eB$vjy$vjywseBws" /><g i="26" p="%^zKPdqEYnqE$v$B$v$BcoSvPdyyPdeDRl_HPd" /><g i="27" p="#^4DiwGBiwvATvkzrvuyyuExGtaxlsJw$qJwbpJwpnbx5mGxNkuyUjhz$iuAxiHB2i4D2icE2ieFmihGGi5H5j%5HGl%ZGGlJGslkGblXFWkpFEkWEokhEdkED1k1D1kfB1kaAol5zKm5zbp5zCr8AZsbBju1Dju9EjuaFRtbGntZGEs%5HEs%5HdvMGnvfGCvKFQvjFXvKE6wgEcwPDiw4Diw" /><g i="28" p="#^5JPo5JdssHfuQFgwlDgwkCgwyB0wMANvYzjv%Yz0B%Fx0B%Fxmi%Yzmi%YzNjOA0jRBviUC_h7E_htG_hNHRj5JHl5JPo^JG4pJGKmZFsleF9kzD9kAC9kGBBkMA1lYzJl%YzrtRATtuB2u7CcuZCcuLEcuKFUsJGArJG4p" /><g i="29" p="%^bE$v7x$v7x8usz8uszGf7xGf7xPdbEPdbEGfSBGfSB8ubE8u" /><g i="30" p="#^JG7pJGHmZFqleF9kAD9kEC9kHBCkKA2lYzJl%YzxtPAYtuB8u9CjuZCjuJEjuJF3tJGPrJG7p^5JYo5JistHluRFnwpDnwiCnwvB5wJAQvYzmv%Oz$v%Fx$v%Fx$c%Yz$c%YzNjPA$iQBviRC_h7E_hqG_hLHQj5JGl5JYo" /><g i="31" p="%^5CwsGywAUwwA2zws" /><g i="32" p="%^4C$v4CZf_vZf_vPdCKPdCKZfvEZfvE$v" /><g i="33" p="%^nI$vQx$vQxPdfAPdfARtnIRt" /><g i="34" p="%^dSPdFN$vXK$veHVgDD$vYA$vjwPdNyPdsCWs5GPdyIPddM4tSPPd" /><g i="35" p="%^YI$vXF$vRAppYziqYz$vFx$vFx$cYz$cYz7olFmicImiBC3o" /><g i="36" p="#^aMWmaMpp9Lqr9KqtsIyu4HpvFFIveE$v0C$v%Qx$v%QxPd%ZBPdxEPd_FcesHAeuIffeKqgcLliaMgkaMWm^FJUmFJNkYIijgIPhUG_gWFpgQE9gKDUf5CUf%fAUf%fAWt%5CWtIDWtVEGt7Gpt7HIsnISr0JrqFJ0pFJUm" /><g i="37" p="%^Tv$v$BPd_EPd6L$vyI$vVGWqYzWqjy$v^eGRoqDhgDARo" /><g i="38" p="%^CG$vBw$vBwiuJDfkUwfkUwmiuGmiuG$jjz4uCG4u" /><g i="39" p="%^RK$v7I$v5Ajg5A$vQx$vQxPdfBPdAIcsAIPdRKPd" /><g i="40" p="%^1L$vCI$vCI5nfA5nfA$vQx$vQxPdfAPdfAXkCIXkCIPd1LPd" /><g i="41" p="#^bEnwACnwnBYvbAxvlzIuoyLt$xqsCx5rCx9p%CxPd%1APd%1A9p1ApqbAhrlA8sPAPsiByt7CXtZCjubEjujFjubGXt4HytzHPs0I7saIhrlIrqlIdp%lIPd%MKPd%MK9pMK2rnKps$JMt1JIu9Iyv$GZvSFnwbEnw" /></glyphs></font><font id="30" name="Calibri"><glyphs><g i="0" p="#^_H5h_HkhYHvhXHGhTHNhQHThLHXhGH_hAH_h%8D_h%8DGv8DMv4DRv1DWvVCZvOC$vBC1woC3w4C3wOB3wAB1wnB$vfBZv7BWv4BRv1BMv1BGv%1B_h%Bw_hvw_hpwXhkwThhwNhewGhcwvhawkhaw5hawTgcwIgewwghwpgkwigpwfgvwcgBwcg%AHcgGHcgLHfgQHigTHpgXHwgYHIg_HTg_H5h" /><g i="1" p="#^kHHvkHNvgHSvdHWv6HZv$G0wOG1wCG3wjG3w0G3wPF1wDF0wwFZvpFWvmFSvjFNvjFHv%jFfpjFjo9FLn0FanKEMmsElm$D7mzDUlZCUldCUlsBrmIAZmTz0o%TzHvTzNvQzSvNzWvGzZvzz0wmz1waz3wSy3wzy3wmy1way0w3yZvYxWvVxSvSxNvSxHv%SxnfSxhfVxdfYx8f3y5fay1fmy0fzy_eSy_eaz_emz0fzz1fGz5fNz8fQzdfTzhfTznf%TzYlKA2lCBCkvC9koD9kuE9keFxk_FUksGwlWG8m7H_mkHPnkH$o" /><g i="2" p="#^8GIv8GRv1GWvXF$vMF1wBF3wgF3wYE3wME1wAE$vuEWvpERvpEIv%pEBuHDnvOCOvVBdwWAdw3Adwmz$vFyMv9ylvGxWuoxiu6xGt6xTs6xYruxgrTxAqAy8qhzHpjAtplBepDCep%8Eep%8Eno8EKn$DfnSDMmzDrmgD6mNCYljCNlDBNlTANlhAZlHz8mezmmOyzmvyLmcyWm3yWmYxWmTxTmPxQmLxKmIxDmGxumFxkmFx8mFxRlHxGlKxulUxkl3yaltyYkTyKkozzkWzokyAhkaB9kOB9k_C9kPDqkEEHk9FclGFJlVFvm8Ggn8Gio^8EHq%pCHqABHqZAQqmAZqYzfrzzwrmzVrazhsazNsazEtJz9ugAFueBFu1CFuICfuoDRt8E0t" /><g i="3" p="#^kHHvkHNvgHSvdHWv6HZv$G0wOG1wCG3wjG3w0G3wPF1wDF0wwFZvpFWvmFSvjFNvjFHv%jFfpjFjo9FLn0FanKEMmsElm$D7mzDUlZCUldCUlsBrmIAZmTz0o%TzHvTzNvQzSvNzWvGzZvzz0wmz1waz3wSy3wzy3wmy1way0w3yZvYxWvVxSvSxNvSxHv%SxIkSxCkUxykXxtk2yqk9ymkkylkvykkNykk2zkkdzlkozmkuzqkBztkDzykGzCkGzIk%Gz9mCA6lxBEksC9koD9kuE9keFxk_FUksGwlWG8m7H_mkHPnkH_o" /><g i="4" p="#^TGGvTGMvQGRvNGWvFGZvyG0wlG1w8G3wPF3wuF3wgF2w3F1wVE_vMEXvGESvBENvwEGv%TzBp%TzHvTzNvQzSvNzWvGzZvzz0wmz1waz3wSy3wzy3wmy1way0w3yZvYxWvVxSvSxNvSxHv%SxnfSxhfVxdfYx8f3y5fay1fmy0fzy_eSy_eaz_emz0fzz1fGz5fNz8fQzdfTzhfTznf%Tzjp%1ELk7EDkeEyklEtkuEqkEEmkRElk3FkkmFkkFFkkSFlk4GmkcGpkkGrknGwkrGAkrGHkrGQkmG_khG7l5Gkl%7Cip%BG5vLGjvPGrvTGzvTGGv" /><g i="5" p="" /><g i="6" p="#^8DSp%8DGv8DMv4DRv1DWvVCZvOC$vAC1wnC3w4C3wNB3wAB1wnB$vfBZv7BWv3BRv0BMv0BGv%0BSp%ywXgqwFgowvgmwlgswfgyw9gNw8g0x7gqx7gNx7g$x8gey9gmycgvyfgzylgEyqgIyxg%UA4lbBJluBrmOB8n7CSn%8CSnqCanJCum1DNlkD6l%xFygzFqgDFlgIFfgPFcgWF9g7G8glG7gFG7g5H7glH9gBHbgHHhgOHmgMHwgKHGgBHXg" /><g i="7" p="#^4I4q4IqrJHysnHGtGGvuZFjvVEMvSDdwtCdw6Bdw5AQv5zqvqyFuLxTtqxNs5xHr5xiq5xYorxQnNxHmuyTlbz3leACkiB9kHC9k2E9k2Fzk3GYkKGKlpHvmKHBn4IHo4I4q^XFcqXFjpNFxoDFKneF8nSExmdEbmADRlCCRlJBRl4B9mrAtm0A2nCzDnpzqoczdpcz9qcz3rmzSrxzEsVzetiAQtXAbuBBxuzCxurDxu4EduKEUt8FktzFLsLFYrXF9rXFcq" /><g i="8" p="#^gHHvgHNvdHSvbHWv4HZvZG0wNG1wCG3wmG3w4G3wUF1wJF0wCFZvwFWvtFSvrFNvrFHv%rFduvEgvADLvGCdwKBdwDAdwTzSv7zuvFySucydu$xotOxzsOxmr%OxIkOxCkRxykUxtk$xqk7ymkjylkwykkPykk6zkkizlkvzmkCzqkKztkNzykQzCkQzIk%Qz5rQz3sZzEs6AdtoAEtHA2u7BguzBuu8CuuVCuuFDYtpEqtfFns%fFIkfFCkhFykkFtksFqkAFmkLFlkXFkkgGkkyGkkKGlkXGmk2Hqk9HtkcHykgHCkgHIk" /></glyphs></font></bwFonts>