<?xml version="1.0" standalone="no"?>
<manifest identifier="_5cC4jAwYpPL_course_id" version="1.3" xmlns="http://www.imsglobal.org/xsd/imscp_v1p1" xmlns:adlcp="http://www.adlnet.org/xsd/adlcp_v1p3" xmlns:adlseq="http://www.adlnet.org/xsd/adlseq_v1p3" xmlns:adlnav="http://www.adlnet.org/xsd/adlnav_v1p3" xmlns:imsss="http://www.imsglobal.org/xsd/imsss" xmlns:xsi="http://www.w3.org/2001/XMLSchema-instance" xmlns:lom="http://ltsc.ieee.org/xsd/LOM" xsi:schemaLocation="http://www.imsglobal.org/xsd/imscp_v1p1 imscp_v1p1.xsd
                              http://www.adlnet.org/xsd/adlcp_v1p3 adlcp_v1p3.xsd
                              http://www.adlnet.org/xsd/adlseq_v1p3 adlseq_v1p3.xsd
                              http://www.adlnet.org/xsd/adlnav_v1p3 adlnav_v1p3.xsd
							  http://www.imsglobal.org/xsd/imsss imsss_v1p0.xsd
							  http://ltsc.ieee.org/xsd/LOM lom.xsd">
  <metadata>
    <schema>ADL SCORM</schema>
    <schemaversion>2004 4th Edition</schemaversion>
    <adlcp:location>metadata.xml</adlcp:location>
  </metadata>
  <organizations default="Valamis_-_Learn_about_eLearning_ORG">
    <organization identifier="Valamis_-_Learn_about_eLearning_ORG" adlseq:objectivesGlobalToSystem="false">
      <title>Valamis - Learn about eLearning</title>
      <item identifier="Valamis_SCO" identifierref="__5cC4jAwYpPL_course_id_RES" isvisible="true">
        <title>Learn about eLearning</title>
      </item>
      <metadata>
        <adlcp:location>metadata.xml</adlcp:location>
      </metadata>
      <imsss:sequencing>
        <imsss:controlMode choice="true" flow="true" />
      </imsss:sequencing>
    </organization>
  </organizations>
  <resources>
    <resource identifier="__5cC4jAwYpPL_course_id_RES" type="webcontent" adlcp:scormType="sco" href="index_lms.html">
      <file href="story_content/thumbnail.jpg" />
      <file href="story_content/5b1rWxxYob7_80_DX1462_DY1462.swf" />
      <file href="mobile/5b1rWxxYob7_80_DX1462_DY1462_CX731_CY437.png" />
      <file href="mobile/5b1rWxxYob7_80_DX1462_DY1462_CX731_CY437.swf" />
      <file href="story_content/5qcYGSyKOjM_80_DX1440_DY1440.swf" />
      <file href="mobile/5qcYGSyKOjM_80_DX1440_DY1440_CX720_CY428.png" />
      <file href="mobile/5qcYGSyKOjM_80_DX1440_DY1440_CX720_CY428.swf" />
      <file href="story_content/5h1COPVwZ02_80_DX1440_DY1440.swf" />
      <file href="mobile/5h1COPVwZ02_80_DX1440_DY1440_CX720_CY428.png" />
      <file href="mobile/5h1COPVwZ02_80_DX1440_DY1440_CX720_CY428.swf" />
      <file href="story_content/6WsbLoWbL45_80_DX1440_DY1440.swf" />
      <file href="mobile/6WsbLoWbL45_80_DX1440_DY1440_CX720_CY428.png" />
      <file href="mobile/6WsbLoWbL45_80_DX1440_DY1440_CX720_CY428.swf" />
      <file href="story_content/6cv9pyIe6la_80_DX1440_DY1440.swf" />
      <file href="mobile/6cv9pyIe6la_80_DX1440_DY1440_CX720_CY428.png" />
      <file href="mobile/6cv9pyIe6la_80_DX1440_DY1440_CX720_CY428.swf" />
      <file href="story_content/6bkL41zuQzh_80_DX1440_DY1440.swf" />
      <file href="mobile/6bkL41zuQzh_80_DX1440_DY1440_CX720_CY428.png" />
      <file href="mobile/6bkL41zuQzh_80_DX1440_DY1440_CX720_CY428.swf" />
      <file href="story_content/6nJyNrYhIth_80_DX1440_DY1440.swf" />
      <file href="mobile/6nJyNrYhIth_80_DX1440_DY1440_CX720_CY428.png" />
      <file href="mobile/6nJyNrYhIth_80_DX1440_DY1440_CX720_CY428.swf" />
      <file href="story_content/5eSpt5pwKFD_80_DX1494_DY1494.swf" />
      <file href="mobile/5eSpt5pwKFD_80_DX1494_DY1494_CX747_CY440.png" />
      <file href="mobile/5eSpt5pwKFD_80_DX1494_DY1494_CX747_CY440.swf" />
      <file href="story_content/6StNMnoSUdu_80_DX1456_DY1456.swf" />
      <file href="mobile/6StNMnoSUdu_80_DX1456_DY1456_CX728_CY438.png" />
      <file href="mobile/6StNMnoSUdu_80_DX1456_DY1456_CX728_CY438.swf" />
      <file href="story_content/5top0y12OZb_80_DX1482_DY1482.swf" />
      <file href="mobile/5top0y12OZb_80_DX1482_DY1482_CX741_CY446.png" />
      <file href="mobile/5top0y12OZb_80_DX1482_DY1482_CX741_CY446.swf" />
      <file href="story_content/611UnoN3oHT_80_DX1440_DY1440.swf" />
      <file href="mobile/611UnoN3oHT_80_DX1440_DY1440_CX720_CY438.png" />
      <file href="mobile/611UnoN3oHT_80_DX1440_DY1440_CX720_CY438.swf" />
      <file href="story_content/6PB09xqmqnJ_80_DX1484_DY1484.swf" />
      <file href="mobile/6PB09xqmqnJ_80_DX1484_DY1484_CX742_CY438.png" />
      <file href="mobile/6PB09xqmqnJ_80_DX1484_DY1484_CX742_CY438.swf" />
      <file href="story_content/5pMfgAMAqRu_80_DX1480_DY1480.swf" />
      <file href="mobile/5pMfgAMAqRu_80_DX1480_DY1480_CX740_CY437.png" />
      <file href="mobile/5pMfgAMAqRu_80_DX1480_DY1480_CX740_CY437.swf" />
      <file href="story_content/5cYQ3z2gLqD_80_DX1462_DY1462.swf" />
      <file href="mobile/5cYQ3z2gLqD_80_DX1462_DY1462_CX731_CY438.png" />
      <file href="mobile/5cYQ3z2gLqD_80_DX1462_DY1462_CX731_CY438.swf" />
      <file href="story_content/67D4NMIlyqk_80_DX1440_DY1440.swf" />
      <file href="mobile/67D4NMIlyqk_80_DX1440_DY1440_CX720_CY414.png" />
      <file href="mobile/67D4NMIlyqk_80_DX1440_DY1440_CX720_CY414.swf" />
      <file href="story_content/6fcFUi38uci_80_DX488_DY488.swf" />
      <file href="mobile/6fcFUi38uci_80_DX488_DY488_CX244_CY53.png" />
      <file href="mobile/6fcFUi38uci_80_DX488_DY488_CX244_CY53.swf" />
      <file href="meta.xml" />
      <file href="story_content/frame.xml" />
      <file href="story_content/frame.js" />
      <file href="story_content/user.js" />
      <file href="mobile/app_store.png" />
      <file href="mobile/mobile_icon.png" />
      <file href="mobile/linen_background.jpg" />
      <file href="story_html5.html" />
      <file href="story_unsupported.html" />
      <file href="mobile/controls.png" />
      <file href="mobile/icon_loading.gif" />
      <file href="mobile/player.css" />
      <file href="mobile/spinner.png" />
      <file href="mobile/storyline_compiled.js" />
      <file href="mobile/wait.gif" />
      <file href="story_content/fonts.swf" />
      <file href="story_content/fonts.xml" />
      <file href="mobile/fonts.js" />
      <file href="story.swf" />
      <file href="story_content/frame.swf" />
      <file href="story_content/data.swf" />
      <file href="mobile/data.gz" />
      <file href="mobile/data.js" />
      <file href="mobile/masks.js" />
      <file href="story.html" />
      <file href="index_lms_html5.html" />
      <file href="story_content/blank.html" />
      <file href="story_content/story.js" />
      <file href="ioslaunch.html" />
      <file href="mobile/mobileinstall.html" />
      <file href="index_lms.html" />
      <file href="lms/AICCComm.html" />
      <file href="lms/AICCFunctions.js" />
      <file href="lms/API.js" />
      <file href="lms/APIConstants.js" />
      <file href="lms/blank.html" />
      <file href="lms/browsersniff.js" />
      <file href="lms/Configuration.js" />
      <file href="lms/goodbye.html" />
      <file href="lms/lms.js" />
      <file href="lms/LMSAPI.js" />
      <file href="lms/NONEFunctions.js" />
      <file href="lms/SCORM2004Functions.js" />
      <file href="lms/SCORMFunctions.js" />
      <file href="lms/UtilityFunctions.js" />
    </resource>
  </resources>
</manifest>