﻿<?xml version="1.0" encoding="utf-8"?><meta xmlns:xsi="http://www.w3.org/2001/XMLSchema-instance" xmlns:xsd="http://www.w3.org/2001/XMLSchema"><project id="6PZND649gSl" courseid="5cC4jAwYpPL_course_id" thumburl="story_content/thumbnail.jpg" title="Valamis - Learn about eLearning" datepublished="2013-05-31T07:36:50" version="1.0.0.0" flashdata="story_content/data.swf" html5data="mobile/data.js" mobiledata="mobile/data.gz" enabledownload="true" duration="About 1 minute" totalaudio="0" totalvideo="0"><description>This is a sample course how to employ eLearning in your organisation</description><keywords>elearning, pitfalls</keywords><author name="Janne Hietala" email="" website="" /><application name="Storyline" version="1.2.1212.1412" xmlversion="1.1" /></project></meta>